<?xml version="1.0" encoding="UTF-8"?>
<configurationDescriptor version="62">
  <logicalFolder name="root" displayName="root" projectFiles="true">
    <logicalFolder name="HeaderFiles"
                   displayName="Header Files"
                   projectFiles="true">
      <itemPath>../user_settings.h</itemPath>
    </logicalFolder>
    <logicalFolder name="LinkerScript"
                   displayName="Linker Files"
                   projectFiles="true">
    </logicalFolder>
    <logicalFolder name="SourceFiles"
                   displayName="Source Files"
                   projectFiles="true">
      <logicalFolder name="f2" displayName="wolfcrypt" projectFiles="true">
        <itemPath>../../wolfcrypt/src/aes.c</itemPath>
        <itemPath>../../wolfcrypt/src/arc4.c</itemPath>
        <itemPath>../../wolfcrypt/src/asm.c</itemPath>
        <itemPath>../../wolfcrypt/src/asn.c</itemPath>
        <itemPath>../../wolfcrypt/src/blake2b.c</itemPath>
        <itemPath>../../wolfcrypt/src/camellia.c</itemPath>
        <itemPath>../../wolfcrypt/src/chacha.c</itemPath>
        <itemPath>../../wolfcrypt/src/coding.c</itemPath>
        <itemPath>../../wolfcrypt/src/compress.c</itemPath>
        <itemPath>../../wolfcrypt/src/des3.c</itemPath>
        <itemPath>../../wolfcrypt/src/dh.c</itemPath>
        <itemPath>../../wolfcrypt/src/dsa.c</itemPath>
        <itemPath>../../wolfcrypt/src/ecc.c</itemPath>
        <itemPath>../../wolfcrypt/src/ecc_fp.c</itemPath>
        <itemPath>../../wolfcrypt/src/error.c</itemPath>
        <itemPath>../../wolfcrypt/src/hmac.c</itemPath>
        <itemPath>../../wolfcrypt/src/integer.c</itemPath>
        <itemPath>../../wolfcrypt/src/logging.c</itemPath>
        <itemPath>../../wolfcrypt/src/md2.c</itemPath>
        <itemPath>../../wolfcrypt/src/md4.c</itemPath>
        <itemPath>../../wolfcrypt/src/md5.c</itemPath>
        <itemPath>../../wolfcrypt/src/memory.c</itemPath>
        <itemPath>../../wolfcrypt/src/misc.c</itemPath>
        <itemPath>../../wolfcrypt/src/pkcs7.c</itemPath>
        <itemPath>../../wolfcrypt/src/poly1305.c</itemPath>
        <itemPath>../../wolfcrypt/src/pwdbased.c</itemPath>
        <itemPath>../../wolfcrypt/src/random.c</itemPath>
        <itemPath>../../wolfcrypt/src/ripemd.c</itemPath>
        <itemPath>../../wolfcrypt/src/rsa.c</itemPath>
        <itemPath>../../wolfcrypt/src/sha.c</itemPath>
        <itemPath>../../wolfcrypt/src/sha256.c</itemPath>
        <itemPath>../../wolfcrypt/src/sha512.c</itemPath>
        <itemPath>../../wolfcrypt/src/tfm.c</itemPath>
        <itemPath>../../wolfcrypt/src/wc_port.c</itemPath>
        <itemPath>../../wolfcrypt/src/port/pic32/pic32mz-crypt.c</itemPath>
        <itemPath>../../wolfcrypt/src/hash.c</itemPath>
        <itemPath>../../wolfcrypt/src/chacha20_poly1305.c</itemPath>
        <itemPath>../../wolfcrypt/src/curve25519.c</itemPath>
        <itemPath>../../wolfcrypt/src/ed25519.c</itemPath>
        <itemPath>../../wolfcrypt/src/fe_low_mem.c</itemPath>
        <itemPath>../../wolfcrypt/src/fe_operations.c</itemPath>
        <itemPath>../../wolfcrypt/src/ge_low_mem.c</itemPath>
        <itemPath>../../wolfcrypt/src/ge_operations.c</itemPath>
        <itemPath>../../wolfcrypt/src/wc_encrypt.c</itemPath>
        <itemPath>../../wolfcrypt/src/pkcs12.c</itemPath>
        <itemPath>../../wolfcrypt/src/signature.c</itemPath>
        <itemPath>../../wolfcrypt/src/wolfevent.c</itemPath>
        <itemPath>../../wolfcrypt/src/wolfmath.c</itemPath>
      </logicalFolder>
      <logicalFolder name="f1" displayName="wolfssl" projectFiles="true">
        <itemPath>../../src/crl.c</itemPath>
        <itemPath>../../src/internal.c</itemPath>
        <itemPath>../../src/wolfio.c</itemPath>
        <itemPath>../../src/keys.c</itemPath>
        <itemPath>../../src/ocsp.c</itemPath>
        <itemPath>../../src/sniffer.c</itemPath>
        <itemPath>../../src/ssl.c</itemPath>
        <itemPath>../../src/tls.c</itemPath>
        <itemPath>../../src/tls13.c</itemPath>
      </logicalFolder>
    </logicalFolder>
    <logicalFolder name="ExternalFiles"
                   displayName="Important Files"
                   projectFiles="false">
      <itemPath>Makefile</itemPath>
    </logicalFolder>
  </logicalFolder>
  <sourceRootList>
    <Elem>..</Elem>
    <Elem>../../cyassl/ctaocrypt</Elem>
    <Elem>../../ctaocrypt/src</Elem>
    <Elem>../../src</Elem>
    <Elem>../../wolfcrypt/src</Elem>
  </sourceRootList>
  <projectmakefile>Makefile</projectmakefile>
  <confs>
    <conf name="default" type="3">
      <toolsSet>
        <developmentServer>localhost</developmentServer>
        <targetDevice>PIC32MZ2048EFM144</targetDevice>
        <targetHeader></targetHeader>
        <targetPluginBoard></targetPluginBoard>
        <platformTool>PKOBSKDEPlatformTool</platformTool>
        <languageToolchain>XC32</languageToolchain>
        <languageToolchainVersion>1.33</languageToolchainVersion>
        <platform>4</platform>
      </toolsSet>
      <compileType>
        <linkerTool>
          <linkerLibItems>
          </linkerLibItems>
        </linkerTool>
        <archiverTool>
        </archiverTool>
        <loading>
          <useAlternateLoadableFile>false</useAlternateLoadableFile>
          <parseOnProdLoad>false</parseOnProdLoad>
          <alternateLoadableFile></alternateLoadableFile>
        </loading>
      </compileType>
      <makeCustomizationType>
        <makeCustomizationPreStepEnabled>false</makeCustomizationPreStepEnabled>
        <makeCustomizationPreStep></makeCustomizationPreStep>
        <makeCustomizationPostStepEnabled>false</makeCustomizationPostStepEnabled>
        <makeCustomizationPostStep></makeCustomizationPostStep>
        <makeCustomizationPutChecksumInUserID>false</makeCustomizationPutChecksumInUserID>
        <makeCustomizationEnableLongLines>false</makeCustomizationEnableLongLines>
        <makeCustomizationNormalizeHexFile>false</makeCustomizationNormalizeHexFile>
      </makeCustomizationType>
      <C32>
        <property key="additional-warnings" value="false"/>
        <property key="enable-app-io" value="false"/>
        <property key="enable-omit-frame-pointer" value="false"/>
        <property key="enable-symbols" value="false"/>
        <property key="enable-unroll-loops" value="false"/>
        <property key="exclude-floating-point" value="false"/>
        <property key="extra-include-directories" value="../../;../"/>
        <property key="generate-16-bit-code" value="false"/>
        <property key="generate-micro-compressed-code" value="false"/>
        <property key="isolate-each-function" value="false"/>
        <property key="make-warnings-into-errors" value="false"/>
        <property key="optimization-level" value="-O3"/>
        <property key="place-data-into-section" value="false"/>
        <property key="post-instruction-scheduling" value="default"/>
        <property key="pre-instruction-scheduling" value="default"/>
        <property key="preprocessor-macros" value="WOLFSSL_USER_SETTINGS"/>
        <property key="strict-ansi" value="false"/>
        <property key="support-ansi" value="false"/>
        <property key="use-cci" value="false"/>
        <property key="use-iar" value="false"/>
        <property key="use-indirect-calls" value="false"/>
      </C32>
      <C32-AR>
        <property key="additional-options-chop-files" value="false"/>
      </C32-AR>
      <C32-AS>
        <property key="assembler-symbols" value=""/>
        <property key="enable-symbols" value="false"/>
        <property key="exclude-floating-point-library" value="false"/>
        <property key="expand-macros" value="false"/>
        <property key="extra-include-directories-for-assembler" value="../../"/>
        <property key="extra-include-directories-for-preprocessor" value="../../"/>
        <property key="false-conditionals" value="false"/>
        <property key="keep-locals" value="false"/>
        <property key="list-assembly" value="false"/>
        <property key="list-source" value="false"/>
        <property key="list-symbols" value="false"/>
        <property key="oXC32asm-list-to-file" value="false"/>
        <property key="omit-debug-dirs" value="false"/>
        <property key="omit-forms" value="false"/>
        <property key="preprocessor-macros" value=""/>
        <property key="warning-level" value=""/>
      </C32-AS>
      <C32-LD>
        <property key="additional-options-use-response-files" value="false"/>
        <property key="enable-check-sections" value="false"/>
        <property key="exclude-floating-point-library" value="false"/>
        <property key="exclude-standard-libraries" value="false"/>
        <property key="extra-lib-directories" value=""/>
        <property key="fill-flash-options-addr" value=""/>
        <property key="fill-flash-options-const" value=""/>
        <property key="fill-flash-options-how" value="0"/>
        <property key="fill-flash-options-inc-const" value="1"/>
        <property key="fill-flash-options-increment" value=""/>
        <property key="fill-flash-options-seq" value=""/>
        <property key="fill-flash-options-what" value="0"/>
        <property key="generate-16-bit-code" value="false"/>
        <property key="generate-cross-reference-file" value="false"/>
        <property key="generate-micro-compressed-code" value="false"/>
        <property key="heap-size" value=""/>
        <property key="input-libraries" value=""/>
        <property key="linker-symbols" value=""/>
        <property key="map-file" value=""/>
        <property key="no-startup-files" value="false"/>
        <property key="oXC32ld-extra-opts" value=""/>
        <property key="optimization-level" value="-Os"/>
        <property key="preprocessor-macros" value=""/>
        <property key="remove-unused-sections" value="true"/>
        <property key="report-memory-usage" value="false"/>
        <property key="stack-size" value=""/>
        <property key="symbol-stripping" value="-s"/>
        <property key="trace-symbols" value=""/>
        <property key="warn-section-align" value="false"/>
      </C32-LD>
      <C32CPP>
        <property key="additional-warnings" value="false"/>
        <property key="check-new" value="false"/>
        <property key="eh-specs" value="false"/>
        <property key="enable-app-io" value="false"/>
        <property key="enable-omit-frame-pointer" value="false"/>
        <property key="enable-symbols" value="true"/>
        <property key="enable-unroll-loops" value="false"/>
        <property key="exceptions" value="false"/>
        <property key="exclude-floating-point" value="false"/>
        <property key="extra-include-directories" value=""/>
        <property key="generate-16-bit-code" value="false"/>
        <property key="generate-micro-compressed-code" value="false"/>
        <property key="isolate-each-function" value="false"/>
        <property key="make-warnings-into-errors" value="false"/>
        <property key="optimization-level" value=""/>
        <property key="place-data-into-section" value="false"/>
        <property key="post-instruction-scheduling" value="default"/>
        <property key="pre-instruction-scheduling" value="default"/>
        <property key="preprocessor-macros" value=""/>
        <property key="rtti" value="false"/>
        <property key="strict-ansi" value="false"/>
        <property key="use-cci" value="false"/>
        <property key="use-iar" value="false"/>
        <property key="use-indirect-calls" value="false"/>
      </C32CPP>
      <C32Global>
        <property key="common-include-directories" value=""/>
        <property key="gp-relative-option" value=""/>
        <property key="legacy-libc" value="false"/>
        <property key="relaxed-math" value="false"/>
        <property key="save-temps" value="false"/>
        <property key="wpo-lto" value="false"/>
      </C32Global>
      <PKOBSKDEPlatformTool>
        <property key="AutoSelectMemRanges" value="auto"/>
        <property key="SecureSegment.SegmentProgramming" value="FullChipProgramming"/>
        <property key="ToolFirmwareFilePath"
                  value="Press to browse for a specific firmware version"/>
        <property key="ToolFirmwareOption.UseLatestFirmware" value="true"/>
        <property key="memories.configurationmemory" value="true"/>
        <property key="memories.dataflash" value="true"/>
        <property key="memories.eeprom" value="true"/>
        <property key="memories.id" value="true"/>
        <property key="memories.programmemory" value="true"/>
        <property key="memories.programmemory.end" value="0x1d07ffff"/>
        <property key="memories.programmemory.start" value="0x1d000000"/>
        <property key="memories.userotp" value="true"/>
        <property key="poweroptions.powerenable" value="false"/>
        <property key="programoptions.donoteraseauxmem" value="false"/>
        <property key="programoptions.eraseb4program" value="true"/>
        <property key="programoptions.preservedataflash" value="false"/>
        <property key="programoptions.preserveeeprom" value="false"/>
        <property key="programoptions.preserveprogramrange" value="false"/>
        <property key="programoptions.preserveprogramrange.end" value="0x1d0001ff"/>
        <property key="programoptions.preserveprogramrange.start" value="0x1d000000"/>
        <property key="programoptions.usehighvoltageonmclr" value="false"/>
        <property key="programoptions.uselvpprogramming" value="false"/>
        <property key="voltagevalue" value="3.25"/>
      </PKOBSKDEPlatformTool>
    </conf>
  </confs>
</configurationDescriptor>
